/*!999999\- enable the sandbox mode */ 
-- MariaDB dump 10.19  Distrib 10.11.8-MariaDB, for debian-linux-gnu (x86_64)
--
-- Host: localhost    Database: fast_print
-- ------------------------------------------------------
-- Server version	10.11.8-MariaDB-0ubuntu0.24.04.1

/*!40101 SET @OLD_CHARACTER_SET_CLIENT=@@CHARACTER_SET_CLIENT */;
/*!40101 SET @OLD_CHARACTER_SET_RESULTS=@@CHARACTER_SET_RESULTS */;
/*!40101 SET @OLD_COLLATION_CONNECTION=@@COLLATION_CONNECTION */;
/*!40101 SET NAMES utf8mb4 */;
/*!40103 SET @OLD_TIME_ZONE=@@TIME_ZONE */;
/*!40103 SET TIME_ZONE='+00:00' */;
/*!40014 SET @OLD_UNIQUE_CHECKS=@@UNIQUE_CHECKS, UNIQUE_CHECKS=0 */;
/*!40014 SET @OLD_FOREIGN_KEY_CHECKS=@@FOREIGN_KEY_CHECKS, FOREIGN_KEY_CHECKS=0 */;
/*!40101 SET @OLD_SQL_MODE=@@SQL_MODE, SQL_MODE='NO_AUTO_VALUE_ON_ZERO' */;
/*!40111 SET @OLD_SQL_NOTES=@@SQL_NOTES, SQL_NOTES=0 */;

--
-- Table structure for table `kategori`
--

DROP TABLE IF EXISTS `kategori`;
/*!40101 SET @saved_cs_client     = @@character_set_client */;
/*!40101 SET character_set_client = utf8 */;
CREATE TABLE `kategori` (
  `id_kategori` int(5) unsigned NOT NULL AUTO_INCREMENT,
  `nama_kategori` varchar(100) NOT NULL,
  PRIMARY KEY (`id_kategori`)
) ENGINE=InnoDB AUTO_INCREMENT=8 DEFAULT CHARSET=utf8mb3 COLLATE=utf8mb3_general_ci;
/*!40101 SET character_set_client = @saved_cs_client */;

--
-- Dumping data for table `kategori`
--

LOCK TABLES `kategori` WRITE;
/*!40000 ALTER TABLE `kategori` DISABLE KEYS */;
INSERT INTO `kategori` VALUES
(1,'L QUEENLY'),
(2,'L MTH AKSESORIS (IM)'),
(3,'L MTH TABUNG (LK)'),
(4,'SP MTH SPAREPART (LK)'),
(5,'CI MTH TINTA LAIN (IM)'),
(6,'L MTH AKSESORIS (LK)'),
(7,'S MTH STEMPEL (IM)');
/*!40000 ALTER TABLE `kategori` ENABLE KEYS */;
UNLOCK TABLES;

--
-- Table structure for table `migrations`
--

DROP TABLE IF EXISTS `migrations`;
/*!40101 SET @saved_cs_client     = @@character_set_client */;
/*!40101 SET character_set_client = utf8 */;
CREATE TABLE `migrations` (
  `version` bigint(20) NOT NULL
) ENGINE=InnoDB DEFAULT CHARSET=utf8mb3 COLLATE=utf8mb3_general_ci;
/*!40101 SET character_set_client = @saved_cs_client */;

--
-- Dumping data for table `migrations`
--

LOCK TABLES `migrations` WRITE;
/*!40000 ALTER TABLE `migrations` DISABLE KEYS */;
INSERT INTO `migrations` VALUES
(20251031100539);
/*!40000 ALTER TABLE `migrations` ENABLE KEYS */;
UNLOCK TABLES;

--
-- Table structure for table `produk`
--

DROP TABLE IF EXISTS `produk`;
/*!40101 SET @saved_cs_client     = @@character_set_client */;
/*!40101 SET character_set_client = utf8 */;
CREATE TABLE `produk` (
  `id_produk` int(11) unsigned NOT NULL AUTO_INCREMENT,
  `nama_produk` varchar(255) NOT NULL,
  `harga` double DEFAULT NULL,
  `kategori_id` int(11) DEFAULT NULL,
  `status_id` int(11) DEFAULT NULL,
  PRIMARY KEY (`id_produk`)
) ENGINE=InnoDB AUTO_INCREMENT=73 DEFAULT CHARSET=utf8mb3 COLLATE=utf8mb3_general_ci;
/*!40101 SET character_set_client = @saved_cs_client */;

--
-- Dumping data for table `produk`
--

LOCK TABLES `produk` WRITE;
/*!40000 ALTER TABLE `produk` DISABLE KEYS */;
INSERT INTO `produk` VALUES
(6,'ALCOHOL GEL POLISH CLEANSER GP-CLN01',12500,1,1),
(9,'ALUMUNIUM FOIL ALL IN ONE BULAT 23mm IM',1000,2,1),
(11,'ALUMUNIUM FOIL ALL IN ONE BULAT 30mm IM',1000,2,1),
(12,'ALUMUNIUM FOIL ALL IN ONE SHEET 250mm IM',12500,2,2),
(15,'ALUMUNIUM FOIL HDPE/PE BULAT 23mm IM',12500,2,1),
(17,'ALUMUNIUM FOIL HDPE/PE BULAT 30mm IM',1000,2,1),
(18,'ALUMUNIUM FOIL HDPE/PE SHEET 250mm IM',13000,2,2),
(19,'ALUMUNIUM FOIL PET SHEET 250mm IM',1000,2,2),
(22,'ARM PENDEK MODEL U',13000,2,1),
(23,'ARM SUPPORT KECIL',13000,3,2),
(24,'ARM SUPPORT KOTAK PUTIH',13000,2,2),
(26,'ARM SUPPORT PENDEK POLOS',13000,3,1),
(27,'ARM SUPPORT S IM',1000,2,2),
(28,'ARM SUPPORT T (IMPORT)',13000,2,1),
(29,'ARM SUPPORT T - MODEL 1 ( LOKAL )',10000,3,1),
(50,'BLACK LASER TONER FP-T3 (100gr)',13000,2,2),
(56,'BODY PRINTER CANON IP2770',500,4,1),
(58,'BODY PRINTER T13X',15000,4,1),
(59,'BOTOL 1000ML BLUE KHUSUS UNTUK EPSON R1800/R800 - 4180 IM (T054920)',10000,5,1),
(60,'BOTOL 1000ML CYAN KHUSUS UNTUK EPSON R1800/R800/R1900/R2000 - 4120 IM (T054220)',10000,5,2),
(61,'BOTOL 1000ML GLOSS OPTIMIZER KHUSUS UNTUK EPSON R1800/R800/R1900/R2000/IX7000/MG6170 - 4100 IM (T054020)',1500,5,1),
(62,'BOTOL 1000ML L.LIGHT BLACK KHUSUS UNTUK EPSON 2400 - 0599 IM',1500,5,2),
(63,'BOTOL 1000ML LIGHT BLACK KHUSUS UNTUK EPSON 2400 - 0597 IM',1500,5,2),
(64,'BOTOL 1000ML MAGENTA KHUSUS UNTUK EPSON R1800/R800/R1900/R2000 - 4140 IM (T054320)',1000,5,1),
(65,'BOTOL 1000ML MATTE BLACK KHUSUS UNTUK EPSON R1800/R800/R1900/R2000 - 3503 IM (T054820)',1500,5,2),
(66,'BOTOL 1000ML ORANGE KHUSUS UNTUK EPSON R1900/R2000 IM - 4190 (T087920)',1500,5,1),
(67,'BOTOL 1000ML RED KHUSUS UNTUK EPSON R1800/R800/R1900/R2000 - 4170 IM (T054720)',1000,5,2),
(68,'BOTOL 1000ML YELLOW KHUSUS UNTUK EPSON R1800/R800/R1900/R2000 - 4160 IM (T054420)',1500,5,2),
(70,'BOTOL KOTAK 100ML LK',1000,6,1),
(72,'BOTOL 10ML IM',1000,7,2);
/*!40000 ALTER TABLE `produk` ENABLE KEYS */;
UNLOCK TABLES;

--
-- Table structure for table `status`
--

DROP TABLE IF EXISTS `status`;
/*!40101 SET @saved_cs_client     = @@character_set_client */;
/*!40101 SET character_set_client = utf8 */;
CREATE TABLE `status` (
  `id_status` int(5) unsigned NOT NULL AUTO_INCREMENT,
  `nama_status` varchar(100) NOT NULL,
  PRIMARY KEY (`id_status`)
) ENGINE=InnoDB AUTO_INCREMENT=3 DEFAULT CHARSET=utf8mb3 COLLATE=utf8mb3_general_ci;
/*!40101 SET character_set_client = @saved_cs_client */;

--
-- Dumping data for table `status`
--

LOCK TABLES `status` WRITE;
/*!40000 ALTER TABLE `status` DISABLE KEYS */;
INSERT INTO `status` VALUES
(1,'bisa dijual'),
(2,'tidak bisa dijual');
/*!40000 ALTER TABLE `status` ENABLE KEYS */;
UNLOCK TABLES;
/*!40103 SET TIME_ZONE=@OLD_TIME_ZONE */;

/*!40101 SET SQL_MODE=@OLD_SQL_MODE */;
/*!40014 SET FOREIGN_KEY_CHECKS=@OLD_FOREIGN_KEY_CHECKS */;
/*!40014 SET UNIQUE_CHECKS=@OLD_UNIQUE_CHECKS */;
/*!40101 SET CHARACTER_SET_CLIENT=@OLD_CHARACTER_SET_CLIENT */;
/*!40101 SET CHARACTER_SET_RESULTS=@OLD_CHARACTER_SET_RESULTS */;
/*!40101 SET COLLATION_CONNECTION=@OLD_COLLATION_CONNECTION */;
/*!40111 SET SQL_NOTES=@OLD_SQL_NOTES */;

-- Dump completed on 2025-01-15  1:38:05
